{
  "assessments": [
    {
      "candidate_id": "cand_dbcfda10",
      "email": "k224566@nu.edu.pk",
      "timestamp": "20251021_143414",
      "questions": {
        "Q1": {
          "csv_id": "Q10_TC2",
          "text": "Linear multi-class classification (no library). Given weight matrix W (C\u00d7D), bias vector b (C), and inputs X (M\u00d7D), compute logits = W @ x + b and return argmax class index for each sample. Break ties by choosing the smallest class index. Signature: def softmax_classify(W, b, X) -> list[int]."
        },
        "Q2": {
          "csv_id": "Q6_TC2",
          "text": "Single epoch of binary perceptron. Labels are -1 or +1. For each sample (in order), if y_i * (w\u00b7x + b) <= 0, update: w = w + lr*y_i*x, b = b + lr*y_i. Return [w, b]. Signature: def perceptron_epoch(X, y, w, b, lr) -> [list[float], float]."
        },
        "Q3": {
          "csv_id": "Q4_TC3",
          "text": "Compute Shannon entropy (base-2) of a label list. Write a function entropy(y) that returns the entropy rounded to 4 decimals. If all labels are identical, return 0.0. Signature: def entropy(y) -> float (rounded to 4 d.p.)."
        },
        "Q4": {
          "csv_id": "Q2_TC3",
          "text": "Implement k-means assignment step. Write a function kmeans_assign(points, centroids) that returns, for each point, the index (0-based) of the nearest centroid by Euclidean distance. Break ties by choosing the smaller centroid index. Signature: def kmeans_assign(points, centroids) -> list[int]."
        },
        "Q5": {
          "csv_id": "Q5_TC2",
          "text": "Compute a confusion matrix. Write a function confusion_matrix(y_true, y_pred, labels) that returns a 2D list where rows correspond to true labels and columns to predicted labels, in the order given by `labels`. Signature: def confusion_matrix(y_true, y_pred, labels) -> list[list[int]]."
        }
      },
      "pdf_path": "/home/aliza-ashfaq/Desktop/interview/dsa_quiz_20250911_005357.pdf"
    },
    {
      "candidate_id": "cand_348dad77",
      "email": "k224566@nu.edu.pk",
      "timestamp": "20251021_162458",
      "questions": {
        "Q1": {
          "csv_id": "Q5_TC2",
          "text": "Compute a confusion matrix. Write a function confusion_matrix(y_true, y_pred, labels) that returns a 2D list where rows correspond to true labels and columns to predicted labels, in the order given by `labels`. Signature: def confusion_matrix(y_true, y_pred, labels) -> list[list[int]]."
        },
        "Q2": {
          "csv_id": "Q4_TC3",
          "text": "Compute Shannon entropy (base-2) of a label list. Write a function entropy(y) that returns the entropy rounded to 4 decimals. If all labels are identical, return 0.0. Signature: def entropy(y) -> float (rounded to 4 d.p.)."
        },
        "Q3": {
          "csv_id": "Q2_TC3",
          "text": "Implement k-means assignment step. Write a function kmeans_assign(points, centroids) that returns, for each point, the index (0-based) of the nearest centroid by Euclidean distance. Break ties by choosing the smaller centroid index. Signature: def kmeans_assign(points, centroids) -> list[int]."
        },
        "Q4": {
          "csv_id": "Q3_TC2",
          "text": "Implement a simple bag-of-words transformer. Write a function bow_transform(corpus, vocab) that tokenizes by whitespace (lowercase already assumed), counts each vocab term per document, and returns a 2D list of counts with shape [len(corpus)][len(vocab)]. Terms not in vocab are ignored. Signature: def bow_transform(corpus, vocab) -> list[list[int]]."
        },
        "Q5": {
          "csv_id": "Q10_TC2",
          "text": "Linear multi-class classification (no library). Given weight matrix W (C\u00d7D), bias vector b (C), and inputs X (M\u00d7D), compute logits = W @ x + b and return argmax class index for each sample. Break ties by choosing the smallest class index. Signature: def softmax_classify(W, b, X) -> list[int]."
        }
      },
      "pdf_path": "/home/aliza-ashfaq/Desktop/interview/dsa_quiz_20251021_162458.pdf"
    },
    {
      "candidate_id": "cand_ecced954",
      "email": "aliza.ashfaqahmed@gmail.com",
      "timestamp": "20251022_000855",
      "questions": {
        "Q1": {
          "csv_id": "Q3_TC2",
          "text": "Implement a simple bag-of-words transformer. Write a function bow_transform(corpus, vocab) that tokenizes by whitespace (lowercase already assumed), counts each vocab term per document, and returns a 2D list of counts with shape [len(corpus)][len(vocab)]. Terms not in vocab are ignored. Signature: def bow_transform(corpus, vocab) -> list[list[int]]."
        },
        "Q2": {
          "csv_id": "Q1_TC4",
          "text": "Implement k-Nearest Neighbors (k-NN) prediction. Write a function knn_predict(train_X, train_y, test_X, k) that predicts labels for each sample in test_X using the Euclidean metric. Take the k nearest neighbors sorted by (distance, label), vote by majority, and break label ties by choosing the smallest label. Return a list of predicted integer labels."
        },
        "Q3": {
          "csv_id": "Q5_TC2",
          "text": "Compute a confusion matrix. Write a function confusion_matrix(y_true, y_pred, labels) that returns a 2D list where rows correspond to true labels and columns to predicted labels, in the order given by `labels`. Signature: def confusion_matrix(y_true, y_pred, labels) -> list[list[int]]."
        },
        "Q4": {
          "csv_id": "Q7_TC2",
          "text": "Standardize features column-wise (z-score with population std, ddof=0). For each column j: z = (x - mean_j)/std_j. If std_j == 0, return zeros for that column. Round each value to 4 decimals. Signature: def standardize_columns(X) -> list[list[float]]."
        }
      },
      "pdf_path": "/home/aliza-ashfaq/Desktop/interview/dsa_quiz_cand_ecced954_20251022_000855.pdf"
    },
    {
      "candidate_id": "cand_ef79cb66",
      "email": "arqamsiddiq5@gmail.com",
      "timestamp": "20251022_000856",
      "questions": {
        "Q1": {
          "csv_id": "Q7_TC2",
          "text": "Standardize features column-wise (z-score with population std, ddof=0). For each column j: z = (x - mean_j)/std_j. If std_j == 0, return zeros for that column. Round each value to 4 decimals. Signature: def standardize_columns(X) -> list[list[float]]."
        },
        "Q2": {
          "csv_id": "Q2_TC3",
          "text": "Implement k-means assignment step. Write a function kmeans_assign(points, centroids) that returns, for each point, the index (0-based) of the nearest centroid by Euclidean distance. Break ties by choosing the smaller centroid index. Signature: def kmeans_assign(points, centroids) -> list[int]."
        },
        "Q3": {
          "csv_id": "Q5_TC2",
          "text": "Compute a confusion matrix. Write a function confusion_matrix(y_true, y_pred, labels) that returns a 2D list where rows correspond to true labels and columns to predicted labels, in the order given by `labels`. Signature: def confusion_matrix(y_true, y_pred, labels) -> list[list[int]]."
        },
        "Q4": {
          "csv_id": "Q6_TC2",
          "text": "Single epoch of binary perceptron. Labels are -1 or +1. For each sample (in order), if y_i * (w\u00b7x + b) <= 0, update: w = w + lr*y_i*x, b = b + lr*y_i. Return [w, b]. Signature: def perceptron_epoch(X, y, w, b, lr) -> [list[float], float]."
        }
      },
      "pdf_path": "/home/aliza-ashfaq/Desktop/interview/dsa_quiz_cand_ef79cb66_20251022_000856.pdf"
    },
    {
      "candidate_id": "cand_e3d75fbb",
      "email": "symishaimam@gmail.com",
      "timestamp": "20251027_173209",
      "questions": {
        "Q1": {
          "csv_id": "Q3_TC2",
          "text": "Implement a simple bag-of-words transformer. Write a function bow_transform(corpus, vocab) that tokenizes by whitespace (lowercase already assumed), counts each vocab term per document, and returns a 2D list of counts with shape [len(corpus)][len(vocab)]. Terms not in vocab are ignored. Signature: def bow_transform(corpus, vocab) -> list[list[int]]."
        },
        "Q2": {
          "csv_id": "Q1_TC4",
          "text": "Implement k-Nearest Neighbors (k-NN) prediction. Write a function knn_predict(train_X, train_y, test_X, k) that predicts labels for each sample in test_X using the Euclidean metric. Take the k nearest neighbors sorted by (distance, label), vote by majority, and break label ties by choosing the smallest label. Return a list of predicted integer labels."
        },
        "Q3": {
          "csv_id": "Q8_TC2",
          "text": "Return indices of top-k documents by cosine similarity to a query vector. Cosine similarity = (q\u00b7d)/(||q||\u00b7||d||). Break ties by smaller index. Ignore zero vectors in denominator by treating their similarity as 0. Signature: def top_k_cosine(query, docs, k) -> list[int]."
        },
        "Q4": {
          "csv_id": "Q6_TC2",
          "text": "Single epoch of binary perceptron. Labels are -1 or +1. For each sample (in order), if y_i * (w\u00b7x + b) <= 0, update: w = w + lr*y_i*x, b = b + lr*y_i. Return [w, b]. Signature: def perceptron_epoch(X, y, w, b, lr) -> [list[float], float]."
        }
      },
      "pdf_path": "/home/aliza-ashfaq/Desktop/interview/dsa_quiz_cand_e3d75fbb_20251027_173209.pdf"
    },
    {
      "candidate_id": "cand_ecced954",
      "email": "aliza.ashfaqahmed@gmail.com",
      "timestamp": "20251027_173210",
      "questions": {
        "Q1": {
          "csv_id": "Q1_TC4",
          "text": "Implement k-Nearest Neighbors (k-NN) prediction. Write a function knn_predict(train_X, train_y, test_X, k) that predicts labels for each sample in test_X using the Euclidean metric. Take the k nearest neighbors sorted by (distance, label), vote by majority, and break label ties by choosing the smallest label. Return a list of predicted integer labels."
        },
        "Q2": {
          "csv_id": "Q8_TC2",
          "text": "Return indices of top-k documents by cosine similarity to a query vector. Cosine similarity = (q\u00b7d)/(||q||\u00b7||d||). Break ties by smaller index. Ignore zero vectors in denominator by treating their similarity as 0. Signature: def top_k_cosine(query, docs, k) -> list[int]."
        },
        "Q3": {
          "csv_id": "Q5_TC2",
          "text": "Compute a confusion matrix. Write a function confusion_matrix(y_true, y_pred, labels) that returns a 2D list where rows correspond to true labels and columns to predicted labels, in the order given by `labels`. Signature: def confusion_matrix(y_true, y_pred, labels) -> list[list[int]]."
        },
        "Q4": {
          "csv_id": "Q2_TC3",
          "text": "Implement k-means assignment step. Write a function kmeans_assign(points, centroids) that returns, for each point, the index (0-based) of the nearest centroid by Euclidean distance. Break ties by choosing the smaller centroid index. Signature: def kmeans_assign(points, centroids) -> list[int]."
        },
        "Q5": {
          "csv_id": "Q4_TC3",
          "text": "Compute Shannon entropy (base-2) of a label list. Write a function entropy(y) that returns the entropy rounded to 4 decimals. If all labels are identical, return 0.0. Signature: def entropy(y) -> float (rounded to 4 d.p.)."
        }
      },
      "pdf_path": "/home/aliza-ashfaq/Desktop/interview/dsa_quiz_cand_ecced954_20251027_173210.pdf"
    },
    {
      "candidate_id": "cand_e3d75fbb",
      "email": "symishaimam@gmail.com",
      "timestamp": "20251027_173401",
      "questions": {
        "Q1": {
          "csv_id": "Q2_TC3",
          "text": "Implement k-means assignment step. Write a function kmeans_assign(points, centroids) that returns, for each point, the index (0-based) of the nearest centroid by Euclidean distance. Break ties by choosing the smaller centroid index. Signature: def kmeans_assign(points, centroids) -> list[int]."
        },
        "Q2": {
          "csv_id": "Q1_TC4",
          "text": "Implement k-Nearest Neighbors (k-NN) prediction. Write a function knn_predict(train_X, train_y, test_X, k) that predicts labels for each sample in test_X using the Euclidean metric. Take the k nearest neighbors sorted by (distance, label), vote by majority, and break label ties by choosing the smallest label. Return a list of predicted integer labels."
        },
        "Q3": {
          "csv_id": "Q9_TC2",
          "text": "Min-max scale each column to [0,1]. For column j: (x - min_j)/(max_j - min_j). If max_j == min_j, return zeros for that column. Round each value to 4 decimals. Signature: def minmax_scale(X) -> list[list[float]]."
        },
        "Q4": {
          "csv_id": "Q6_TC2",
          "text": "Single epoch of binary perceptron. Labels are -1 or +1. For each sample (in order), if y_i * (w\u00b7x + b) <= 0, update: w = w + lr*y_i*x, b = b + lr*y_i. Return [w, b]. Signature: def perceptron_epoch(X, y, w, b, lr) -> [list[float], float]."
        },
        "Q5": {
          "csv_id": "Q4_TC3",
          "text": "Compute Shannon entropy (base-2) of a label list. Write a function entropy(y) that returns the entropy rounded to 4 decimals. If all labels are identical, return 0.0. Signature: def entropy(y) -> float (rounded to 4 d.p.)."
        }
      },
      "pdf_path": "/home/aliza-ashfaq/Desktop/interview/dsa_quiz_cand_e3d75fbb_20251027_173401.pdf"
    },
    {
      "candidate_id": "cand_ecced954",
      "email": "aliza.ashfaqahmed@gmail.com",
      "timestamp": "20251027_173402",
      "questions": {
        "Q1": {
          "csv_id": "Q8_TC2",
          "text": "Return indices of top-k documents by cosine similarity to a query vector. Cosine similarity = (q\u00b7d)/(||q||\u00b7||d||). Break ties by smaller index. Ignore zero vectors in denominator by treating their similarity as 0. Signature: def top_k_cosine(query, docs, k) -> list[int]."
        },
        "Q2": {
          "csv_id": "Q9_TC2",
          "text": "Min-max scale each column to [0,1]. For column j: (x - min_j)/(max_j - min_j). If max_j == min_j, return zeros for that column. Round each value to 4 decimals. Signature: def minmax_scale(X) -> list[list[float]]."
        },
        "Q3": {
          "csv_id": "Q4_TC3",
          "text": "Compute Shannon entropy (base-2) of a label list. Write a function entropy(y) that returns the entropy rounded to 4 decimals. If all labels are identical, return 0.0. Signature: def entropy(y) -> float (rounded to 4 d.p.)."
        },
        "Q4": {
          "csv_id": "Q2_TC3",
          "text": "Implement k-means assignment step. Write a function kmeans_assign(points, centroids) that returns, for each point, the index (0-based) of the nearest centroid by Euclidean distance. Break ties by choosing the smaller centroid index. Signature: def kmeans_assign(points, centroids) -> list[int]."
        },
        "Q5": {
          "csv_id": "Q1_TC4",
          "text": "Implement k-Nearest Neighbors (k-NN) prediction. Write a function knn_predict(train_X, train_y, test_X, k) that predicts labels for each sample in test_X using the Euclidean metric. Take the k nearest neighbors sorted by (distance, label), vote by majority, and break label ties by choosing the smallest label. Return a list of predicted integer labels."
        }
      },
      "pdf_path": "/home/aliza-ashfaq/Desktop/interview/dsa_quiz_cand_ecced954_20251027_173402.pdf"
    },
    {
      "candidate_id": "cand_5a31797a",
      "email": "k224566@nu.edu.pk",
      "timestamp": "20251027_231028",
      "questions": {
        "Q1": {
          "csv_ids": [
            "Q3_TC1",
            "Q3_TC2"
          ],
          "text": "Implement a simple bag-of-words transformer. Write a function bow_transform(corpus, vocab) that tokenizes by whitespace (lowercase already assumed), counts each vocab term per document, and returns a 2D list of counts with shape [len(corpus)][len(vocab)]. Terms not in vocab are ignored. Signature: def bow_transform(corpus, vocab) -> list[list[int]]."
        },
        "Q2": {
          "csv_ids": [
            "Q9_TC1",
            "Q9_TC2"
          ],
          "text": "Min-max scale each column to [0,1]. For column j: (x - min_j)/(max_j - min_j). If max_j == min_j, return zeros for that column. Round each value to 4 decimals. Signature: def minmax_scale(X) -> list[list[float]]."
        },
        "Q3": {
          "csv_ids": [
            "Q6_TC1",
            "Q6_TC2"
          ],
          "text": "Single epoch of binary perceptron. Labels are -1 or +1. For each sample (in order), if y_i * (w\u00b7x + b) <= 0, update: w = w + lr*y_i*x, b = b + lr*y_i. Return [w, b]. Signature: def perceptron_epoch(X, y, w, b, lr) -> [list[float], float]."
        },
        "Q4": {
          "csv_ids": [
            "Q1_TC1",
            "Q1_TC2",
            "Q1_TC3",
            "Q1_TC4"
          ],
          "text": "Implement k-Nearest Neighbors (k-NN) prediction. Write a function knn_predict(train_X, train_y, test_X, k) that predicts labels for each sample in test_X using the Euclidean metric. Take the k nearest neighbors sorted by (distance, label), vote by majority, and break label ties by choosing the smallest label. Return a list of predicted integer labels."
        },
        "Q5": {
          "csv_ids": [
            "Q2_TC1",
            "Q2_TC2",
            "Q2_TC3"
          ],
          "text": "Implement k-means assignment step. Write a function kmeans_assign(points, centroids) that returns, for each point, the index (0-based) of the nearest centroid by Euclidean distance. Break ties by choosing the smaller centroid index. Signature: def kmeans_assign(points, centroids) -> list[int]."
        }
      },
      "pdf_path": "/home/aliza-ashfaq/Desktop/interview/dsa_quiz_cand_5a31797a_20251027_231028.pdf"
    },
    {
      "candidate_id": "cand_ecced954",
      "email": "aliza.ashfaqahmed@gmail.com",
      "timestamp": "20251027_234502",
      "questions": {
        "Q1": {
          "csv_id": "Q7_TC2",
          "text": "Standardize features column-wise (z-score with population std, ddof=0). For each column j: z = (x - mean_j)/std_j. If std_j == 0, return zeros for that column. Round each value to 4 decimals. Signature: def standardize_columns(X) -> list[list[float]]."
        },
        "Q2": {
          "csv_id": "Q1_TC4",
          "text": "Implement k-Nearest Neighbors (k-NN) prediction. Write a function knn_predict(train_X, train_y, test_X, k) that predicts labels for each sample in test_X using the Euclidean metric. Take the k nearest neighbors sorted by (distance, label), vote by majority, and break label ties by choosing the smallest label. Return a list of predicted integer labels."
        },
        "Q3": {
          "csv_id": "Q5_TC2",
          "text": "Compute a confusion matrix. Write a function confusion_matrix(y_true, y_pred, labels) that returns a 2D list where rows correspond to true labels and columns to predicted labels, in the order given by `labels`. Signature: def confusion_matrix(y_true, y_pred, labels) -> list[list[int]]."
        },
        "Q4": {
          "csv_id": "Q8_TC2",
          "text": "Return indices of top-k documents by cosine similarity to a query vector. Cosine similarity = (q\u00b7d)/(||q||\u00b7||d||). Break ties by smaller index. Ignore zero vectors in denominator by treating their similarity as 0. Signature: def top_k_cosine(query, docs, k) -> list[int]."
        },
        "Q5": {
          "csv_id": "Q6_TC2",
          "text": "Single epoch of binary perceptron. Labels are -1 or +1. For each sample (in order), if y_i * (w\u00b7x + b) <= 0, update: w = w + lr*y_i*x, b = b + lr*y_i. Return [w, b]. Signature: def perceptron_epoch(X, y, w, b, lr) -> [list[float], float]."
        }
      },
      "pdf_path": "/home/aliza-ashfaq/Desktop/interview/dsa_quiz_cand_ecced954_20251027_234502.pdf"
    },
    {
      "candidate_id": "cand_ef79cb66",
      "email": "arqamsiddiq5@gmail.com",
      "timestamp": "20251027_234504",
      "questions": {
        "Q1": {
          "csv_id": "Q10_TC2",
          "text": "Linear multi-class classification (no library). Given weight matrix W (C\u00d7D), bias vector b (C), and inputs X (M\u00d7D), compute logits = W @ x + b and return argmax class index for each sample. Break ties by choosing the smallest class index. Signature: def softmax_classify(W, b, X) -> list[int]."
        },
        "Q2": {
          "csv_id": "Q7_TC2",
          "text": "Standardize features column-wise (z-score with population std, ddof=0). For each column j: z = (x - mean_j)/std_j. If std_j == 0, return zeros for that column. Round each value to 4 decimals. Signature: def standardize_columns(X) -> list[list[float]]."
        },
        "Q3": {
          "csv_id": "Q9_TC2",
          "text": "Min-max scale each column to [0,1]. For column j: (x - min_j)/(max_j - min_j). If max_j == min_j, return zeros for that column. Round each value to 4 decimals. Signature: def minmax_scale(X) -> list[list[float]]."
        },
        "Q4": {
          "csv_id": "Q2_TC3",
          "text": "Implement k-means assignment step. Write a function kmeans_assign(points, centroids) that returns, for each point, the index (0-based) of the nearest centroid by Euclidean distance. Break ties by choosing the smaller centroid index. Signature: def kmeans_assign(points, centroids) -> list[int]."
        }
      },
      "pdf_path": "/home/aliza-ashfaq/Desktop/interview/dsa_quiz_cand_ef79cb66_20251027_234504.pdf"
    }
  ]
}