{
  "total_resumes": 2,
  "evaluations": {
    "eishafatima_a3f87fab": {
      "Projects": {
        "score": 12,
        "reason": "The candidate has multiple projects including a Digital Twin (Azure, Python, 3D modelling), a Face Recognition System (Python, FaceNet, MTCNN), and a Power Platform Canvas App. This demonstrates a good understanding of various technologies and project types. However, the description of the projects is somewhat lacking in detail regarding model building and evaluation, which is a key requirement of the job description."
      },
      "Educational Background": {
        "score": 10,
        "reason": "The candidate has a Bachelor's degree in Computer Science, which aligns with the minimum qualification. However, the degree is relatively recent (2020-24), and the resume doesn't highlight any specific coursework or projects related to data science or machine learning."
      },
      "Work Experience": {
        "score": 18,
        "reason": "The candidate's experience as a Business Analyst Trainee at Imperium Dynamics is relevant. They utilized SQL, Power BI, and Power Platform, which are valuable skills. The description of their responsibilities shows an understanding of data integration, reporting, and system documentation – all important for a data science role. However, the role doesn't explicitly involve model building or advanced analytics."
      },
      "Technical Skills": {
        "score": 16,
        "reason": "The candidate possesses a strong technical skills list including Python, SQL, Power BI, and various Microsoft technologies. They also have experience with Azure and DevOps tools. However, the job description emphasizes skills like scikit-learn, PyTorch, and TensorFlow, which are not prominently featured in the candidate's listed skills. The candidate's skills list is broad, but lacks depth in the specific tools mentioned in the job description."
      },
      "Related Certifications": {
        "score": 0,
        "reason": "The resume does not list any relevant certifications (e.g., AWS Certified Machine Learning – Specialty, Google Professional Data Scientist, etc.)."
      },
      "final_score": {
        "value": 66
      },
      "calc_check": {
        "sum": 66,
        "matches_final_score": true
      }
    },
    "HamdaAshfaq_23110178(Resume)": {
      "Projects": {
        "score": 12,
        "reason": "The candidate has several projects demonstrating analytical skills and model building (Stock valuation of PIA, Statistical Analysis, Impact of COVID-19 on IAS, Marketing plan for a start-up). However, the descriptions lack specifics about model building, evaluation, and deployment, which are key requirements. The 'Statistical Analysis' project is particularly relevant, but the description is vague. The 'Stock valuation of PIA' project shows some modeling skills with regression analysis, but the 80% accuracy is not detailed. The 'Impact of COVID-19 on IAS' project is relevant but lacks details on the analytical techniques used. Lacking details on model building and evaluation.",
        "lacking": "Detailed descriptions of model building, evaluation metrics, and deployment processes."
      },
      "Educational Background": {
        "score": 9,
        "reason": "The candidate has a relevant Bachelor's degree in Accounting and Finance. However, the degree doesn't directly align with Data Science. The lack of any further coursework or projects related to data analysis or statistics is a drawback. The degree is a minimum requirement, but the candidate needs to demonstrate a stronger foundation in data science concepts.",
        "lacking": "Specific coursework or projects demonstrating data analysis, statistics, or machine learning skills."
      },
      "Work Experience": {
        "score": 10,
        "reason": "The candidate's work experience is primarily in finance, which is not directly relevant to the Data Scientist role. While the responsibilities involve analytical tasks (audit, financial proposal creation), they don't showcase skills in data manipulation, model building, or statistical analysis. The experience is limited to administrative and support roles.",
        "lacking": "Experience in data analysis, statistical modeling, or data manipulation."
      },
      "Technical Skills": {
        "score": 8,
        "reason": "The candidate lists MS-Office, R-Studio, and some general skills. However, the resume lacks specific proficiency in the required tools (Python, SQL, Jupyter, pandas, scikit-learn, PyTorch). The candidate's skills are primarily focused on traditional analytical tools rather than modern data science technologies. The R-Studio skill is a positive, but needs to be coupled with Python skills.",
        "lacking": "Proficiency in Python, SQL, Jupyter, pandas, scikit-learn, and PyTorch."
      },
      "Related Certifications": {
        "score": 0,
        "reason": "The candidate has no listed certifications, which is a significant negative. Data Science roles often require certifications to demonstrate knowledge and skills.",
        "lacking": "Relevant Data Science certifications (e.g., Google Data Analytics Professional Certificate, Microsoft Certified: Azure Data Scientist Associate)."
      },
      "final_score": {
        "value": 49
      },
      "calc_check": {
        "sum": 49,
        "matches_final_score": true
      }
    }
  }
}