{
  "job_overview": "We're looking for an Associate Data Scientist to help turn messy, real-world data into clear insights and production-ready models. You'll partner with analysts, engineers, and product managers to explore data, build prototypes, and ship models that improve user experience and business outcomes.",
  "responsibilities": [
    "Explore and clean large datasets; perform EDA to identify patterns, outliers, and feature opportunities.",
    "Build and evaluate baseline models (classification, regression, ranking, clustering) using scikit-learn or similar.",
    "Design and analyze A/B tests; communicate results with clear visuals and written summaries.",
    "Create robust features and pipelines; version datasets and experiments for reproducibility.",
    "Ship models to staging/production with support from ML/Data Engineering; monitor drift and performance.",
    "Build dashboards and self-serve reports for stakeholders.",
    "Document assumptions, metrics, and decision logic; follow best practices for privacy and security."
  ],
  "required_tools": [
    "Python",
    "SQL",
    "Jupyter",
    "pandas",
    "scikit-learn",
    "PyTorch"
  ],
  "qualifications": {
    "minimum": [
      {
        "education": "Bachelor's degree in Computer Science, Statistics, Data Science, Math, or related field (or equivalent practical experience)."
      },
      {
        "experience": "0–2 years of experience (internships/projects count) applying machine learning or advanced analytics to real datasets."
      },
      {
        "skills": [
          "Proficiency in Python and SQL",
          "Comfortable with pandas, NumPy, scikit-learn, and data visualization (Matplotlib/Plotly)",
          "Solid grasp of statistics: hypothesis testing, confidence intervals, experimentation basics, and evaluation metrics",
          "Familiarity with Git/GitHub and collaborative workflows"
        ]
      }
    ],
    "preferred": [
      {
        "skills": [
          "Experience with one or more: PyTorch/TensorFlow, XGBoost/LightGBM, Spark/Databricks, Airflow, dbt"
        ]
      },
      {
        "skills": [
          "Exposure to cloud data stacks (AWS/GCP/Azure) and warehouses (Snowflake/BigQuery/Redshift)"
        ]
      },
      {
        "skills": [
          "Practical understanding of model monitoring, data/label drift, and feature stores"
        ]
      },
      {
        "skills": [
          "Domain exposure to one of: personalization/recommendations, fraud/risk, marketing attribution, NPL, or time series"
        ]
      },
      {
        "skills": [
          "Strong communication skills; ability to simplify technical findings for non-technical audiences"
        ]
      }
    ]
  }
}