question ID,question,input,expected
Q1_TC1,"Implement k-Nearest Neighbors (k-NN) prediction. Write a function knn_predict(train_X, train_y, test_X, k) that predicts labels for each sample in test_X using the Euclidean metric. Take the k nearest neighbors sorted by (distance, label), vote by majority, and break label ties by choosing the smallest label. Return a list of predicted integer labels.","{""train_X"":[[0,0],[1,1],[2,2],[0,2],[2,0]],""train_y"":[0,0,1,1,1],""test_X"":[[1,0],[0,1],[2,1]],""k"":3}","[0,0,1]"
Q1_TC2,"Implement k-Nearest Neighbors (k-NN) prediction. Write a function knn_predict(train_X, train_y, test_X, k) that predicts labels for each sample in test_X using the Euclidean metric. Take the k nearest neighbors sorted by (distance, label), vote by majority, and break label ties by choosing the smallest label. Return a list of predicted integer labels.","{""train_X"":[[0,0],[1,1],[2,2],[0,2],[2,0]],""train_y"":[0,0,1,1,1],""test_X"":[[1.5,1.5],[0,0],[2,0]],""k"":1}","[0,0,1]"
Q1_TC3,"Implement k-Nearest Neighbors (k-NN) prediction. Write a function knn_predict(train_X, train_y, test_X, k) that predicts labels for each sample in test_X using the Euclidean metric. Take the k nearest neighbors sorted by (distance, label), vote by majority, and break label ties by choosing the smallest label. Return a list of predicted integer labels.","{""train_X"":[[0,1],[1,0],[2,1],[1,2]],""train_y"":[0,0,1,1],""test_X"":[[1,1]],""k"":4}",[0]
Q1_TC4,"Implement k-Nearest Neighbors (k-NN) prediction. Write a function knn_predict(train_X, train_y, test_X, k) that predicts labels for each sample in test_X using the Euclidean metric. Take the k nearest neighbors sorted by (distance, label), vote by majority, and break label ties by choosing the smallest label. Return a list of predicted integer labels.","{""train_X"":[[0,0,0],[1,0,0],[0,1,0],[0,0,1],[1,1,1]],""train_y"":[0,0,0,0,1],""test_X"":[[1,1,0],[0,0,0.1]],""k"":3}","[0,0]"
Q2_TC1,"Implement k-means assignment step. Write a function kmeans_assign(points, centroids) that returns, for each point, the index (0-based) of the nearest centroid by Euclidean distance. Break ties by choosing the smaller centroid index. Signature: def kmeans_assign(points, centroids) -> list[int].","{""points"":[[0,0],[1,1],[5,5]],""centroids"":[[0,0],[3,3]]}","[0,0,1]"
Q2_TC2,"Implement k-means assignment step. Write a function kmeans_assign(points, centroids) that returns, for each point, the index (0-based) of the nearest centroid by Euclidean distance. Break ties by choosing the smaller centroid index. Signature: def kmeans_assign(points, centroids) -> list[int].","{""points"":[[2,0],[2,2],[0,2]],""centroids"":[[0,0],[2,2]]}","[0,1,0]"
Q2_TC3,"Implement k-means assignment step. Write a function kmeans_assign(points, centroids) that returns, for each point, the index (0-based) of the nearest centroid by Euclidean distance. Break ties by choosing the smaller centroid index. Signature: def kmeans_assign(points, centroids) -> list[int].","{""points"":[[-1,-1],[3,0]],""centroids"":[[-2,-2],[2,0]]}","[0,1]"
Q3_TC1,"Implement a simple bag-of-words transformer. Write a function bow_transform(corpus, vocab) that tokenizes by whitespace (lowercase already assumed), counts each vocab term per document, and returns a 2D list of counts with shape [len(corpus)][len(vocab)]. Terms not in vocab are ignored. Signature: def bow_transform(corpus, vocab) -> list[list[int]].","{""corpus"":[""a b a"",""b c""],""vocab"":[""a"",""b"",""c""]}","[[2,1,0],[0,1,1]]"
Q3_TC2,"Implement a simple bag-of-words transformer. Write a function bow_transform(corpus, vocab) that tokenizes by whitespace (lowercase already assumed), counts each vocab term per document, and returns a 2D list of counts with shape [len(corpus)][len(vocab)]. Terms not in vocab are ignored. Signature: def bow_transform(corpus, vocab) -> list[list[int]].","{""corpus"":[""hello hello world"",""world""],""vocab"":[""hello"",""world""]}","[[2,1],[0,1]]"
Q4_TC1,"Compute Shannon entropy (base-2) of a label list. Write a function entropy(y) that returns the entropy rounded to 4 decimals. If all labels are identical, return 0.0. Signature: def entropy(y) -> float (rounded to 4 d.p.).","{""y"":[0,0,1,1]}",1
Q4_TC2,"Compute Shannon entropy (base-2) of a label list. Write a function entropy(y) that returns the entropy rounded to 4 decimals. If all labels are identical, return 0.0. Signature: def entropy(y) -> float (rounded to 4 d.p.).","{""y"":[0,0,0,0]}",0
Q4_TC3,"Compute Shannon entropy (base-2) of a label list. Write a function entropy(y) that returns the entropy rounded to 4 decimals. If all labels are identical, return 0.0. Signature: def entropy(y) -> float (rounded to 4 d.p.).","{""y"":[0,1,1]}",0.9183
Q5_TC1,"Compute a confusion matrix. Write a function confusion_matrix(y_true, y_pred, labels) that returns a 2D list where rows correspond to true labels and columns to predicted labels, in the order given by `labels`. Signature: def confusion_matrix(y_true, y_pred, labels) -> list[list[int]].","{""y_true"":[0,0,1,1,1],""y_pred"":[0,1,1,0,1],""labels"":[0,1]}","[[1,1],[1,2]]"
Q5_TC2,"Compute a confusion matrix. Write a function confusion_matrix(y_true, y_pred, labels) that returns a 2D list where rows correspond to true labels and columns to predicted labels, in the order given by `labels`. Signature: def confusion_matrix(y_true, y_pred, labels) -> list[list[int]].","{""y_true"":[0,1,2,2,1,0],""y_pred"":[0,2,2,1,1,0],""labels"":[0,1,2]}","[[2,0,0],[0,1,1],[0,1,1]]"
Q6_TC1,"Single epoch of binary perceptron. Labels are -1 or +1. For each sample (in order), if y_i * (w·x + b) <= 0, update: w = w + lr*y_i*x, b = b + lr*y_i. Return [w, b]. Signature: def perceptron_epoch(X, y, w, b, lr) -> [list[float], float].","{""X"":[[1,0],[0,1]],""y"":[1,1],""w"":[0,0],""b"":0,""lr"":1}","[[1,0],1]"
Q6_TC2,"Single epoch of binary perceptron. Labels are -1 or +1. For each sample (in order), if y_i * (w·x + b) <= 0, update: w = w + lr*y_i*x, b = b + lr*y_i. Return [w, b]. Signature: def perceptron_epoch(X, y, w, b, lr) -> [list[float], float].","{""X"":[[1,1],[-1,-1]],""y"":[1,-1],""w"":[0,0],""b"":0,""lr"":1}","[[1,1],1]"
Q7_TC1,"Standardize features column-wise (z-score with population std, ddof=0). For each column j: z = (x - mean_j)/std_j. If std_j == 0, return zeros for that column. Round each value to 4 decimals. Signature: def standardize_columns(X) -> list[list[float]].","{""X"":[[1,2,3],[2,3,4],[3,4,5]]}","[[-1.2247,-1.2247,-1.2247],[0.0,0.0,0.0],[1.2247,1.2247,1.2247]]"
Q7_TC2,"Standardize features column-wise (z-score with population std, ddof=0). For each column j: z = (x - mean_j)/std_j. If std_j == 0, return zeros for that column. Round each value to 4 decimals. Signature: def standardize_columns(X) -> list[list[float]].","{""X"":[[10,0],[10,10],[10,20]]}","[[0.0,-1.2247],[0.0,0.0],[0.0,1.2247]]"
Q8_TC1,"Return indices of top-k documents by cosine similarity to a query vector. Cosine similarity = (q·d)/(||q||·||d||). Break ties by smaller index. Ignore zero vectors in denominator by treating their similarity as 0. Signature: def top_k_cosine(query, docs, k) -> list[int].","{""query"":[1,0],""docs"":[[1,0],[0,1],[1,1]],""k"":2}","[0,2]"
Q8_TC2,"Return indices of top-k documents by cosine similarity to a query vector. Cosine similarity = (q·d)/(||q||·||d||). Break ties by smaller index. Ignore zero vectors in denominator by treating their similarity as 0. Signature: def top_k_cosine(query, docs, k) -> list[int].","{""query"":[1,1],""docs"":[[1,1],[1,-1],[0,1]],""k"":2}","[0,2]"
Q9_TC1,"Min-max scale each column to [0,1]. For column j: (x - min_j)/(max_j - min_j). If max_j == min_j, return zeros for that column. Round each value to 4 decimals. Signature: def minmax_scale(X) -> list[list[float]].","{""X"":[[0,0],[5,10],[10,20]]}","[[0.0,0.0],[0.5,0.5],[1.0,1.0]]"
Q9_TC2,"Min-max scale each column to [0,1]. For column j: (x - min_j)/(max_j - min_j). If max_j == min_j, return zeros for that column. Round each value to 4 decimals. Signature: def minmax_scale(X) -> list[list[float]].","{""X"":[[3,3],[3,3]]}","[[0.0,0.0],[0.0,0.0]]"
Q10_TC1,"Linear multi-class classification (no library). Given weight matrix W (C×D), bias vector b (C), and inputs X (M×D), compute logits = W @ x + b and return argmax class index for each sample. Break ties by choosing the smallest class index. Signature: def softmax_classify(W, b, X) -> list[int].","{""W"":[[1,0],[0,1]],""b"":[0,0],""X"":[[1,0],[0,1],[1,1]]}","[0,1,0]"
Q10_TC2,"Linear multi-class classification (no library). Given weight matrix W (C×D), bias vector b (C), and inputs X (M×D), compute logits = W @ x + b and return argmax class index for each sample. Break ties by choosing the smallest class index. Signature: def softmax_classify(W, b, X) -> list[int].","{""W"":[[1,1],[-1,0]],""b"":[0,0],""X"":[[1,2],[2,1]]}","[0,0]"
