{
  "name": "Sharyar Khalid",
  "email": "sharyar.khalid72@gmail.com",
  "phone": "+92 320 2764410",
  "education": [
    {
      "degree": "Bachelor of Science in Computer Science",
      "institution": "National University of Computer and Emerging Sciences (FAST)",
      "year": "August 2019 - June 2023"
    }
  ],
  "Work Experience": [
    {
      "job_title": "Associate Data Scientist",
      "company": "CEE Solutions",
      "start_date": "June 2023",
      "end_date": "Current",
      "responsibilities": [
        "Led initiatives to scale and deploy machine learning models, ensuring seamless integration with business operations.",
        "Applied deep learning and computer vision techniques in object detection and image stitching, significantly automating manual QC (Quality Control) processes of the retail Sector and reducing manual input requirements.",
        "Development and implementation of data pipelining and ETL processes, resulting in enhanced efficiency in reporting and dashboarding.",
        "Created data models using Tableau, enhancing data visualization, dashboarding, and reporting capabilities for different projects.",
        "Automated daily email processes, ensuring timely and relevant data communication with stakeholders."
      ]
    },
    {
      "job_title": "Freelancer",
      "company": "Programming and Machine Learning (FIVER)",
      "start_date": "February 2022",
      "end_date": "May 2023",
      "responsibilities": [
        "Collaboration with clients to develop projects related to Object-oriented programming, Data structures, Algorithms, Data science/Analytics and Machine Learning.",
        "Ensuring Customer satisfaction with high quality work and on time delivery."
      ]
    }
  ],
  "Projects": [
    {
      "name": "Final Year Project – Religious Content Classifier",
      "description": "Research project which aims to classify religious content (mainly Islam) and to predict the nature of the content (Hate/not hate).",
      "details": [
        "Use of an ontological based approach built on the pillars of Islam which acts as a top-level classifier to classify that a content is related to Islam.",
        "Implemented and compared performance metrics of CNN, RNN, and BERT-based pretrained models, focusing on enhancing generalization through ensemble learning techniques."
      ]
    },
    {
      "name": "Google Play Store Apps and Reviews",
      "description": "Project was to use different methods of Visualization of the different applications and link them with User reviews to gain key insights on the top categories and applications which were trending and to rank them based on different criteria.",
      "details": [
        "Data preprocessing and data manipulation.",
        "Use of different plots and Visualization agents to help understand the relationship of Data attributes and use of appropriate plots to answer key business questions."
      ]
    },
    {
      "name": "Credit Card Approval",
      "description": "This project is to create a model which will predict the approval of credit cards using machine learning.",
      "details": [
        "Data Preprocessing, validation, and imputation.",
        "Model training, cross validation and hyperparameter tuning to increase model performance for better prediction."
      ]
    }
  ],
  "Skills": [
    "Data automation",
    "ETL",
    "deep learning",
    "computer vision"
  ],
  "Technologies": [
    "Python",
    "SQL",
    "C++",
    "C#",
    "C",
    "Java",
    "Power BI",
    "Tableau",
    "Gen my model (Software Design and architecture)",
    "Linux",
    "Hadoop",
    "Centerprise Data integrator"
  ],
  "certifications": [
    "Associate Data Scientist @ Data Camp '22",
    "Associate Data Analyst @ Data Camp '22",
    "Data Analyst in SQL @ Data Camp '22"
  ]
}