{
  "name": "EISHA FATIMA SHAH",
  "email": "eishafatima1435@gmail.com",
  "phone": "+(92) 3208291984",
  "education": [
    {
      "degree": "Bachelors of Science in Computer Science",
      "institution": "National University of Computer and Emerging Sciences (FAST-NUCES) Karachi",
      "year": "2020-24"
    }
  ],
  "Work Experience": [
    {
      "job_title": "Business Analyst Trainee",
      "company": "Imperium Dynamics",
      "start_date": "Aug 2024",
      "end_date": "Present",
      "responsibilities": [
        "Created and integrated a Power BI dashboard for employee and project management app of company (Hourly).",
        "Utilised SQL to extract and map data from client systems, ensuring accurate data migration and integration for business insights.",
        "Assisted in the analysis and documentation of business requirements for solutions built on Microsoft Power Platform, ensuring alignment with client needs.",
        "Documented user requirements, system configurations, and created Functional Design Documents for Power Platform solutions involving Model-driven apps and Canvas apps, detailing workflows, automations and integrations.",
        "Conducted QA and functional testing, working closely with clients and stakeholders to validate system functionality and ensure seamless integration.",
        "Facilitated client and stakeholder demos to showcase Power Platform solutions."
      ]
    }
  ],
  "Projects": [
    {
      "name": "Final Year Project: Digital Twin Technology",
      "description": "Research-and-development based project deployed on Microsoft Azure.",
      "details": [
        "Developed an application integrated with a Digital Twin of our university basement, to check feasibility of construction. Conducted literature review of 16 research papers.",
        "Created a Digital Twin using 3D modelling and integrated with Microsoft Azure Digital Twins, along with a frontend using HTML Pug."
      ]
    },
    {
      "name": "Face Recognition System",
      "description": "An Artificial Intelligence project made using Python.",
      "details": [
        "Applied MTCNN model to extract face from image.",
        "Used the FaceNet model to get an array for each face, and built the whole project using Python."
      ]
    },
    {
      "name": "Project Management Canvas App",
      "description": "A Canvas App built on Microsoft Power Platform.",
      "details": [
        "Designed screens and functionalities of the app including Login, Dashboard, Project list, Project details.",
        "Utilised Power BI for the dashboard and Power Automate to automate workflows such as reminders and notifications within the app for users."
      ]
    },
    {
      "name": "Fashion Store (Ecommerce Website)",
      "description": "An ecommerce website built using MySQL database, HTML, CSS, PHP.",
      "details": [
        "Created 'Login', 'Products', 'Add to Cart', 'Wishlist' pages and stored the data in MySQL database.",
        "Frontend developed using HTML and CSS and backend using PHP."
      ]
    },
    {
      "name": "Applied DevOps using CI/CD",
      "description": "Applied DevOps practices on Github repositories.",
      "details": [
        "Utilised Applied DevOps practices such as CI/CD pipelines, release gates, deployment rings, slack, wiki, Azure artifact, on Github repositories, on Azure DevOps.",
        "Streamlined the development and deployment processes, improving efficiency through automated workflows and continuous integration practices."
      ]
    }
  ],
  "Skills": [
    "SQL",
    "C/C++",
    "C#",
    "Python",
    "HTML+CSS"
  ],
  "Technologies": [
    "Microsoft Power BI",
    "Excel",
    "Power Platform",
    "Visio",
    "Azure Devops",
    "Azure Digital Twins",
    "Linux",
    "LucidChart",
    "LaTeX",
    "MySQL",
    "SQL server",
    "MongoDB",
    "VScode",
    "Git",
    "Github"
  ]
}