{
  "name": "Hamda Ashfaq",
  "email": "hamdaashfaq@gmail.com",
  "phone": "+923158254585",
  "education": [
    {
      "degree": "BSc (Honors) Accounting and Finance",
      "institution": "Lahore University of Management Sciences",
      "year": "2023"
    }
  ],
  "Work Experience": [
    {
      "job_title": "Teaching Assistant: Principles of Management",
      "company": "Lahore University of Management Sciences",
      "start_date": "Sep 2021",
      "end_date": "Present",
      "responsibilities": [
        "Aided in structuring of the course.",
        "Catering to the specific needs of 50+ students by creating and keeping track of the class progress in excel.",
        "Mark quizzes and keep bi-weekly office hours."
      ]
    },
    {
      "job_title": "Audit Intern",
      "company": "A.F. Ferguson & Co.",
      "start_date": "July 2021",
      "end_date": "Aug 2021",
      "responsibilities": [
        "Conducted the final year-end audit of HUBCO.",
        "Maintained the working papers and performed substantive procedure.",
        "Inquired, inspected, and vouched 40+ journal vouchers to verify assertions of completeness, occurrence, and accuracy performed.",
        "Learnt Aura to perform sampling through targeted sampling and non-statistical sampling to cover 100% risk."
      ]
    },
    {
      "job_title": "Virtual Finance Intern",
      "company": "The Mirror",
      "start_date": "July 2021",
      "end_date": "Aug 2021",
      "responsibilities": [
        "Created financial proposal for photography and external relations department to complete Project 10K+.",
        "Designed detailed verification forms to assess the authenticity of cases which improved the verification of cases by 15%.",
        "Wrote narratives related to social issues for Thoughtful Thursdays."
      ]
    }
  ],
  "Skills": [
    "Proficiency in MS-Office",
    "R-studio",
    "Interpersonal skills",
    "Leadership skills",
    "Multi-tasking skills"
  ],
  "Projects": [
    {
      "name": "Stock valuation of PIA",
      "description": [
        "Performed quantitative and qualitative industry analysis.",
        "Calculated future stock price through solver techniques, Capital Asset Pricing model and forecasting of future cashflows using regression analysis with 80% accuracy."
      ]
    },
    {
      "name": "Impact of COVID-19 on IAS",
      "description": [
        "Performed extensive research analysis on Big4 to analyze how COVID-19 affected auditing procedure in areas of going concern, inventory count and internal controls."
      ]
    },
    {
      "name": "Marketing plan for a start-up",
      "description": [
        "Performed primary and secondary research regarding Pet Daycare startup \"CutiePaws\".",
        "Designed action plan of launching the service by thorough budgeting and forecasting."
      ]
    },
    {
      "name": "Statistical Analysis",
      "description": [
        "Performed Statistical analysis to find out relationship between two main variables.",
        "Analyzed relationship between crime rate and age brackets in Pakistan along with comparative analysis with US.",
        "Incorporated effects of other variables using R Studio and covered 90% variations in the Y variable."
      ]
    }
  ],
  "certifications": [],
  "Technologies": [
    "MS-Office",
    "R-studio"
  ]
}